iso,year,GDP,SOURCE_GDP,POP,SOURCE_POP,SOURCE_SH_PRIM,SOURCE_SH_SECD,SH_PRIM,SH_SECD
FRA,1870,951172352.0,FRA TOUTAIN,38440.0,MADDISON,GGDC,GGDC,39.40749740600586,35.10647201538086
USA,1870,1398348032.0,USA MEASURING,40240.62890625,MADDISON,,,,
NLD,1870,78154408.0,GGDC,3610.0,MADDISON,GGDC,GGDC,29.095748901367188,26.304275512695312
GBR,1870,1026125248.0,GBR BROADBERRY,31400.0,MADDISON,GBR BROADBERRY,GBR BROADBERRY,22.100000381469727,36.400001525878906
SWE,1870,55054564.0,SWE EDVINSSON,4164.0,MADDISON,GGDC,GGDC,40.90475845336914,20.9329833984375
ESP,1870,242280128.0,GGDC,16201.0,MADDISON,GGDC,GGDC,37.62079620361328,20.54717254638672
ESP,1871,260895840.0,GGDC,16258.0,MADDISON,GGDC,GGDC,38.38229751586914,20.898405075073242
DEU,1871,709069568.0,DEU FREMDLING,39456.0,MADDISON,,,,
GBR,1871,1133294720.0,GBR BROADBERRY,31685.0,MADDISON,,,,
NLD,1871,81471024.0,GGDC,3636.0,MADDISON,GGDC,GGDC,28.289508819580078,25.717735290527344
SWE,1871,57937208.0,SWE EDVINSSON,4186.0,MADDISON,GGDC,GGDC,40.356117248535156,20.579612731933594
USA,1871,1404227968.0,USA MEASURING,41098.0,MADDISON,,,,
FRA,1871,926439872.0,FRA TOUTAIN,37731.0,MADDISON,GGDC,GGDC,39.69208908081055,32.73879623413086
SWE,1872,65124956.0,SWE EDVINSSON,4227.0,MADDISON,GGDC,GGDC,38.29485321044922,22.412195205688477
GBR,1872,1220000000.0,GBR BROADBERRY,31874.0,MADDISON,,,,
FRA,1872,977986496.0,FRA TOUTAIN,37679.0,MADDISON,GGDC,GGDC,36.963584899902344,37.26372528076172
DEU,1872,854930304.0,DEU FREMDLING,39691.0,MADDISON,,,,
USA,1872,1526363264.0,USA MEASURING,42136.0,MADDISON,,,,
ESP,1872,292385056.0,GGDC,16315.0,MADDISON,GGDC,GGDC,41.65068817138672,20.48944664001465
NLD,1872,90862096.0,GGDC,3662.0,MADDISON,GGDC,GGDC,26.1473388671875,28.981491088867188
GBR,1873,1280000000.0,GBR BROADBERRY,32177.0,MADDISON,,,,
DEU,1873,901247424.0,DEU FREMDLING,40017.0,MADDISON,,,,
FRA,1873,951845952.0,FRA TOUTAIN,37887.0,MADDISON,GGDC,GGDC,32.97604751586914,40.267635345458984
ESP,1873,310224128.0,GGDC,16372.0,MADDISON,GGDC,GGDC,39.698692321777344,22.139514923095703
SWE,1873,76144664.0,SWE EDVINSSON,4274.0,MADDISON,GGDC,GGDC,35.34416961669922,23.969913482666016
USA,1873,1593311104.0,USA MEASURING,43174.0,MADDISON,,,,
NLD,1873,98034872.0,GGDC,3670.0,MADDISON,GGDC,GGDC,24.386098861694336,32.853492736816406
DEU,1874,936019072.0,DEU FREMDLING,40450.0,MADDISON,,,,
ESP,1874,309384608.0,GGDC,16429.0,MADDISON,GGDC,GGDC,37.44758224487305,20.230810165405273
GBR,1874,1272000000.0,GBR BROADBERRY,32501.0,MADDISON,,,,
USA,1874,1579873408.0,USA MEASURING,44212.0,MADDISON,,,,
NLD,1874,96514112.0,GGDC,3745.0,MADDISON,GGDC,GGDC,26.11638832092285,33.86425018310547
SWE,1874,77849760.0,SWE EDVINSSON,4320.0,MADDISON,GGDC,GGDC,34.72547149658203,25.44172477722168
FRA,1874,1030362432.0,FRA TOUTAIN,38044.0,MADDISON,GGDC,GGDC,36.119972229003906,37.688846588134766
NLD,1875,93778712.0,GGDC,3788.0,MADDISON,GGDC,GGDC,25.719568252563477,31.903018951416016
SWE,1875,75868704.0,SWE EDVINSSON,4362.0,MADDISON,GGDC,GGDC,34.61322021484375,24.91269874572754
DEU,1875,829583104.0,DEU FREMDLING,40897.0,MADDISON,,,,
FRA,1875,1040297088.0,FRA TOUTAIN,38221.0,MADDISON,GGDC,GGDC,33.791465759277344,39.38933181762695
ESP,1875,303427936.0,GGDC,16487.0,MADDISON,GGDC,GGDC,35.737789154052734,21.1192569732666
USA,1875,1473957120.0,USA MEASURING,45245.0,MADDISON,,,,
GBR,1875,1244999936.0,GBR BROADBERRY,32839.0,MADDISON,,,,
FRA,1876,975302528.0,FRA TOUTAIN,38398.0,MADDISON,GGDC,GGDC,31.64862060546875,40.08763122558594
SWE,1876,78887968.0,SWE EDVINSSON,4406.0,MADDISON,GGDC,GGDC,34.95280838012695,24.0386905670166
DEU,1876,842400320.0,DEU FREMDLING,41491.0,MADDISON,,,,
NLD,1876,92507064.0,GGDC,3832.0,MADDISON,GGDC,GGDC,26.634334564208984,33.24822998046875
GBR,1876,1228999936.0,GBR BROADBERRY,33200.0,MADDISON,,,,
USA,1876,1546747136.0,USA MEASURING,46287.0,MADDISON,,,,
ESP,1876,315442560.0,GGDC,16545.0,MADDISON,GGDC,GGDC,39.00127410888672,20.388071060180664
DEU,1877,857255104.0,DEU FREMDLING,42034.0,MADDISON,,,,
GBR,1877,1216000000.0,GBR BROADBERRY,33576.0,MADDISON,,,,
FRA,1877,1019026752.0,FRA TOUTAIN,38576.0,MADDISON,GGDC,GGDC,33.88869094848633,38.22190856933594
USA,1877,1694988032.0,USA MEASURING,47325.0,MADDISON,,,,
ESP,1877,344257888.0,GGDC,16603.0,MADDISON,GGDC,GGDC,41.00063705444336,21.090219497680664
SWE,1877,78527272.0,SWE EDVINSSON,4457.0,MADDISON,GGDC,GGDC,34.430728912353516,24.724946975708008
NLD,1877,95397160.0,GGDC,3883.0,MADDISON,GGDC,GGDC,25.77812385559082,34.28403854370117
FRA,1878,991570048.0,FRA TOUTAIN,38763.0,MADDISON,GGDC,GGDC,33.546974182128906,37.237918853759766
ESP,1878,343015712.0,GGDC,16677.0,MADDISON,GGDC,GGDC,41.051631927490234,20.59394645690918
SWE,1878,72712312.0,SWE EDVINSSON,4508.0,MADDISON,GGDC,GGDC,36.34151840209961,23.547420501708984
GBR,1878,1184000000.0,GBR BROADBERRY,33932.0,MADDISON,,,,
USA,1878,1730070144.0,USA MEASURING,48362.0,MADDISON,,,,
DEU,1878,907857600.0,DEU FREMDLING,42546.0,MADDISON,,,,
NLD,1878,90400752.0,GGDC,3834.0,MADDISON,GGDC,GGDC,25.754121780395508,33.24291229248047
SWE,1879,70118792.0,SWE EDVINSSON,4555.0,MADDISON,GGDC,GGDC,37.545692443847656,22.352413177490234
GBR,1879,1142000000.0,GBR BROADBERRY,34304.0,MADDISON,,,,
FRA,1879,908701248.0,FRA TOUTAIN,38909.0,MADDISON,GGDC,GGDC,30.440675735473633,38.53468704223633
ESP,1879,336509248.0,GGDC,16768.0,MADDISON,GGDC,GGDC,39.21446990966797,21.827796936035156
DEU,1879,844882368.0,DEU FREMDLING,43052.0,MADDISON,,,,
USA,1879,1946493824.0,USA MEASURING,49400.0,MADDISON,,,,
NLD,1879,85822704.0,GGDC,3986.0,MADDISON,GGDC,GGDC,23.421493530273438,34.120201110839844
SWE,1880,74500992.0,SWE EDVINSSON,4572.0,MADDISON,GGDC,GGDC,35.56304931640625,23.50253677368164
ESP,1880,364676256.0,GGDC,16859.0,MADDISON,GGDC,GGDC,37.961952209472656,23.83005142211914
FRA,1880,1004925952.0,FRA TOUTAIN,39045.0,MADDISON,GGDC,GGDC,31.974891662597656,37.678775787353516
NLD,1880,92561616.0,GGDC,4043.0,MADDISON,GGDC,GGDC,26.060611724853516,31.504777908325195
USA,1880,2159356928.0,USA MEASURING,50458.0,MADDISON,,,,
DEU,1880,859466496.0,DEU FREMDLING,43500.0,MADDISON,,,,
GBR,1880,1218000000.0,GBR BROADBERRY,34623.0,MADDISON,,,,
NLD,1881,93477992.0,GGDC,4079.0,MADDISON,GGDC,GGDC,23.71786117553711,32.97576141357422
DEU,1881,886119232.0,DEU FREMDLING,43827.0,MADDISON,,,,
ESP,1881,376403424.0,GGDC,16951.0,MADDISON,GGDC,GGDC,37.21933364868164,25.478538513183594
USA,1881,2430180096.0,USA MEASURING,51743.0,MADDISON,,,,
FRA,1881,1047837632.0,FRA TOUTAIN,39191.0,MADDISON,GGDC,GGDC,30.33287239074707,39.51316833496094
SWE,1881,75524864.0,SWE EDVINSSON,4570.0,MADDISON,GGDC,GGDC,35.253997802734375,23.969768524169922
GBR,1881,1243000064.0,GBR BROADBERRY,34935.0,MADDISON,,,,
ESP,1882,387285792.0,GGDC,17043.0,MADDISON,GGDC,GGDC,37.418701171875,25.684162139892578
GBR,1882,1283000064.0,GBR BROADBERRY,35206.0,MADDISON,,,,
FRA,1882,1104570624.0,FRA TOUTAIN,39337.0,MADDISON,GGDC,GGDC,30.702861785888672,39.27111053466797
USA,1882,2531554304.0,USA MEASURING,53027.0,MADDISON,,,,
DEU,1882,857217152.0,DEU FREMDLING,44112.0,MADDISON,,,,
NLD,1882,98250896.0,GGDC,4130.0,MADDISON,GGDC,GGDC,23.931079864501953,34.511138916015625
SWE,1882,77801656.0,SWE EDVINSSON,4576.0,MADDISON,GGDC,GGDC,35.543365478515625,23.320646286010742
SWE,1883,78359952.0,SWE EDVINSSON,4591.0,MADDISON,GGDC,GGDC,35.86396026611328,22.450838088989258
NLD,1883,96397592.0,GGDC,4180.0,MADDISON,GGDC,GGDC,24.010940551757812,33.06844711303711
DEU,1883,923916928.0,DEU FREMDLING,44404.0,MADDISON,,,,
FRA,1883,1078822784.0,FRA TOUTAIN,39472.0,MADDISON,GGDC,GGDC,30.731647491455078,38.56790542602539
USA,1883,2564097024.0,USA MEASURING,54311.0,MADDISON,,,,
GBR,1883,1284999936.0,GBR BROADBERRY,35450.0,MADDISON,,,,
ESP,1883,395133856.0,GGDC,17136.0,MADDISON,GGDC,GGDC,36.91288375854492,26.115604400634766
GBR,1884,1244000000.0,GBR BROADBERRY,35724.0,MADDISON,,,,
FRA,1884,1033170304.0,FRA TOUTAIN,39629.0,MADDISON,GGDC,GGDC,30.719938278198242,37.8137092590332
ESP,1884,386334624.0,GGDC,17230.0,MADDISON,GGDC,GGDC,37.35698699951172,24.73147201538086
DEU,1884,952342272.0,DEU FREMDLING,44777.0,MADDISON,,,,
NLD,1884,95565296.0,GGDC,4226.0,MADDISON,GGDC,GGDC,23.225156784057617,32.463417053222656
SWE,1884,78579600.0,SWE EDVINSSON,4624.0,MADDISON,GGDC,GGDC,33.400909423828125,24.26499366760254
USA,1884,2450575872.0,USA MEASURING,55595.0,MADDISON,,,,
DEU,1885,965164224.0,DEU FREMDLING,45084.0,MADDISON,,,,
SWE,1885,76300264.0,SWE EDVINSSON,4664.0,MADDISON,GGDC,GGDC,33.768184661865234,23.845077514648438
FRA,1885,993206976.0,FRA TOUTAIN,39733.0,MADDISON,GGDC,GGDC,29.519166946411133,37.154136657714844
ESP,1885,374650560.0,GGDC,17323.0,MADDISON,GGDC,GGDC,36.98848342895508,25.04009246826172
GBR,1885,1216999936.0,GBR BROADBERRY,36015.0,MADDISON,,,,
USA,1885,2410059520.0,USA MEASURING,56879.0,MADDISON,,,,
NLD,1885,91771472.0,GGDC,4276.0,MADDISON,GGDC,GGDC,22.165645599365234,33.60888671875
GBR,1886,1226000000.0,GBR BROADBERRY,36313.0,MADDISON,,,,
NLD,1886,90502864.0,GGDC,4326.0,MADDISON,GGDC,GGDC,22.479066848754883,33.07895278930664
FRA,1886,999201856.0,FRA TOUTAIN,39858.0,MADDISON,GGDC,GGDC,28.13543128967285,38.035457611083984
DEU,1886,975657536.0,DEU FREMDLING,45505.0,MADDISON,,,,
ESP,1886,380998848.0,GGDC,17418.0,MADDISON,GGDC,GGDC,38.67206573486328,23.861520767211914
SWE,1886,72005496.0,SWE EDVINSSON,4700.0,MADDISON,GGDC,GGDC,31.867795944213867,25.603857040405273
USA,1886,2529492736.0,USA MEASURING,58164.0,MADDISON,,,,
USA,1887,2735565312.0,USA MEASURING,59448.0,MADDISON,,,,
NLD,1887,94260272.0,GGDC,4378.0,MADDISON,GGDC,GGDC,21.559518814086914,32.86511993408203
FRA,1887,993188032.0,FRA TOUTAIN,39889.0,MADDISON,GGDC,GGDC,27.42971420288086,38.01240158081055
DEU,1887,998730112.0,DEU FREMDLING,46001.0,MADDISON,,,,
GBR,1887,1278000000.0,GBR BROADBERRY,36598.0,MADDISON,,,,
ESP,1887,356566912.0,GGDC,17513.0,MADDISON,GGDC,GGDC,34.50162887573242,25.055221557617188
SWE,1887,68601296.0,SWE EDVINSSON,4726.0,MADDISON,GGDC,GGDC,31.740158081054688,24.85082244873047
ESP,1888,364462112.0,GGDC,17600.0,MADDISON,GGDC,GGDC,36.232818603515625,25.856670379638672
SWE,1888,73614232.0,SWE EDVINSSON,4741.0,MADDISON,GGDC,GGDC,30.625429153442383,25.54723358154297
FRA,1888,1014774784.0,FRA TOUTAIN,39920.0,MADDISON,GGDC,GGDC,26.918703079223633,38.529823303222656
DEU,1888,1047097536.0,DEU FREMDLING,46538.0,MADDISON,,,,
GBR,1888,1332999936.0,GBR BROADBERRY,36881.0,MADDISON,,,,
USA,1888,2874200064.0,USA MEASURING,60732.0,MADDISON,,,,
NLD,1888,97509136.0,GGDC,4432.0,MADDISON,GGDC,GGDC,19.943002700805664,35.04876708984375
SWE,1889,77453040.0,SWE EDVINSSON,4761.0,MADDISON,GGDC,GGDC,29.390356063842773,26.9107723236084
NLD,1889,102267816.0,GGDC,4485.0,MADDISON,GGDC,GGDC,21.25749969482422,34.67477798461914
DEU,1889,1180634240.0,DEU FREMDLING,47083.0,MADDISON,,,,
ESP,1889,331390304.0,GGDC,17678.0,MADDISON,GGDC,GGDC,32.95711135864258,25.44550323486328
FRA,1889,1086069632.0,FRA TOUTAIN,40004.0,MADDISON,GGDC,GGDC,25.05387306213379,40.70051193237305
GBR,1889,1408000000.0,GBR BROADBERRY,37178.0,MADDISON,,,,
USA,1889,2872929792.0,USA MEASURING,62016.0,MADDISON,,,,
USA,1890,3131371008.0,USA MEASURING,63302.0,MADDISON,,,,
GBR,1890,1442000000.0,GBR BROADBERRY,37485.0,MADDISON,,,,
FRA,1890,1145548800.0,FRA TOUTAIN,40014.0,MADDISON,GGDC,GGDC,27.28049087524414,39.021018981933594
DEU,1890,1233374720.0,DEU FREMDLING,47607.0,MADDISON,,,,
SWE,1890,81205072.0,SWE EDVINSSON,4780.0,MADDISON,GGDC,GGDC,29.457759857177734,26.231435775756836
ESP,1890,336666112.0,GGDC,17757.0,MADDISON,GGDC,GGDC,32.24347686767578,26.846948623657227
NLD,1890,102526744.0,GGDC,4535.0,MADDISON,GGDC,GGDC,20.710050582885742,33.60346984863281
ESP,1891,337054176.0,GGDC,17836.0,MADDISON,GGDC,GGDC,31.931760787963867,27.851211547851562
DEU,1891,1153744768.0,DEU FREMDLING,48129.0,MADDISON,,,,
USA,1891,3200280320.0,USA MEASURING,64612.0,MADDISON,,,,
FRA,1891,1161507584.0,FRA TOUTAIN,39983.0,MADDISON,GGDC,GGDC,26.104106903076172,39.78875732421875
GBR,1891,1444000000.0,GBR BROADBERRY,37802.0,MADDISON,,,,
SWE,1891,85505848.0,SWE EDVINSSON,4794.0,MADDISON,GGDC,GGDC,31.968624114990234,24.886547088623047
NLD,1891,103244912.0,GGDC,4585.0,MADDISON,GGDC,GGDC,20.245403289794922,33.901126861572266
NLD,1892,99971288.0,GGDC,4632.0,MADDISON,GGDC,GGDC,20.510530471801758,33.16420364379883
FRA,1892,1139310592.0,FRA TOUTAIN,39993.0,MADDISON,GGDC,GGDC,25.991979598999023,39.331024169921875
GBR,1892,1404999936.0,GBR BROADBERRY,38134.0,MADDISON,,,,
SWE,1892,84451176.0,SWE EDVINSSON,4805.0,MADDISON,GGDC,GGDC,32.291133880615234,25.282711029052734
ESP,1892,305633824.0,GGDC,17916.0,MADDISON,GGDC,GGDC,32.088348388671875,26.99883270263672
DEU,1892,1254379136.0,DEU FREMDLING,48633.0,MADDISON,,,,
USA,1892,3388672768.0,USA MEASURING,65922.0,MADDISON,,,,
USA,1893,3200369408.0,USA MEASURING,67231.0,MADDISON,,,,
NLD,1893,98040520.0,GGDC,4684.0,MADDISON,GGDC,GGDC,19.72902488708496,31.364091873168945
FRA,1893,1116750208.0,FRA TOUTAIN,40014.0,MADDISON,GGDC,GGDC,26.614755630493164,38.06076431274414
SWE,1893,83468680.0,SWE EDVINSSON,4816.0,MADDISON,GGDC,GGDC,31.709135055541992,25.961854934692383
GBR,1893,1406000000.0,GBR BROADBERRY,38490.0,MADDISON,,,,
DEU,1893,1263372416.0,DEU FREMDLING,49123.0,MADDISON,,,,
ESP,1893,288594368.0,GGDC,17996.0,MADDISON,GGDC,GGDC,29.629623413085938,27.840444564819336
DEU,1894,1251926272.0,DEU FREMDLING,49703.0,MADDISON,,,,
GBR,1894,1484000000.0,GBR BROADBERRY,38859.0,MADDISON,,,,
USA,1894,2927399936.0,USA MEASURING,68541.0,MADDISON,,,,
NLD,1894,101480512.0,GGDC,4743.0,MADDISON,GGDC,GGDC,19.03257942199707,34.893062591552734
ESP,1894,281539360.0,GGDC,18076.0,MADDISON,GGDC,GGDC,30.210613250732422,27.28249740600586
SWE,1894,82308080.0,SWE EDVINSSON,4849.0,MADDISON,GGDC,GGDC,30.563556671142578,27.706527709960938
FRA,1894,1128081664.0,FRA TOUTAIN,40056.0,MADDISON,GGDC,GGDC,27.745607376098633,36.65644836425781
ESP,1895,293031360.0,GGDC,18157.0,MADDISON,GGDC,GGDC,31.225675582885742,27.141984939575195
FRA,1895,1076317056.0,FRA TOUTAIN,40098.0,MADDISON,GGDC,GGDC,27.359163284301758,35.801578521728516
GBR,1895,1520999936.0,GBR BROADBERRY,39221.0,MADDISON,,,,
SWE,1895,87435800.0,SWE EDVINSSON,4896.0,MADDISON,GGDC,GGDC,28.60788345336914,29.53872299194336
DEU,1895,1303540608.0,DEU FREMDLING,50363.0,MADDISON,,,,
USA,1895,3223268352.0,USA MEASURING,69851.0,MADDISON,,,,
NLD,1895,99741072.0,GGDC,4803.0,MADDISON,GGDC,GGDC,19.678813934326172,31.8333740234375
USA,1896,3211507968.0,USA MEASURING,71161.0,MADDISON,,,,
ESP,1896,267993536.0,GGDC,18238.0,MADDISON,GGDC,GGDC,29.188289642333984,26.9990291595459
GBR,1896,1570000000.0,GBR BROADBERRY,39599.0,MADDISON,,,,
DEU,1896,1405116544.0,DEU FREMDLING,51111.0,MADDISON,,,,
SWE,1896,92502520.0,SWE EDVINSSON,4941.0,MADDISON,GGDC,GGDC,28.544885635375977,29.615318298339844
NLD,1896,105526512.0,GGDC,4866.0,MADDISON,GGDC,GGDC,19.615894317626953,33.83937072753906
FRA,1896,1140829952.0,FRA TOUTAIN,40192.0,MADDISON,GGDC,GGDC,25.384506225585938,38.11327362060547
FRA,1897,1208586624.0,FRA TOUTAIN,40348.0,MADDISON,GGDC,GGDC,23.668136596679688,40.27902603149414
DEU,1897,1502540544.0,DEU FREMDLING,51921.0,MADDISON,,,,
GBR,1897,1616000000.0,GBR BROADBERRY,39987.0,MADDISON,,,,
ESP,1897,273422528.0,GGDC,18320.0,MADDISON,GGDC,GGDC,33.92414474487305,24.827022552490234
SWE,1897,99540696.0,SWE EDVINSSON,4986.0,MADDISON,GGDC,GGDC,27.33363151550293,31.2305965423584
USA,1897,3353130240.0,USA MEASURING,72471.0,MADDISON,,,,
NLD,1897,106518944.0,GGDC,4935.0,MADDISON,GGDC,GGDC,18.941570281982422,34.467445373535156
ESP,1898,243733952.0,GGDC,18402.0,MADDISON,GGDC,GGDC,31.487215042114258,26.4007511138916
DEU,1898,1503815552.0,DEU FREMDLING,52753.0,MADDISON,,,,
NLD,1898,112635832.0,GGDC,5003.0,MADDISON,GGDC,GGDC,19.38821792602539,35.030982971191406
USA,1898,3767656704.0,USA MEASURING,73781.0,MADDISON,,,,
FRA,1898,1261964032.0,FRA TOUTAIN,40473.0,MADDISON,GGDC,GGDC,26.9107666015625,37.49714279174805
GBR,1898,1704999936.0,GBR BROADBERRY,40381.0,MADDISON,,,,
SWE,1898,106763128.0,SWE EDVINSSON,5036.0,MADDISON,GGDC,GGDC,27.025169372558594,29.949533462524414
NLD,1899,114906840.0,GGDC,5070.0,MADDISON,GGDC,GGDC,18.940698623657227,35.226829528808594
USA,1899,4049086208.0,USA MEASURING,75091.0,MADDISON,,,,
DEU,1899,1669836160.0,DEU FREMDLING,53592.0,MADDISON,,,,
FRA,1899,1290137344.0,FRA TOUTAIN,40546.0,MADDISON,GGDC,GGDC,25.41056251525879,38.89951705932617
SWE,1899,115194736.0,SWE EDVINSSON,5080.0,MADDISON,GGDC,GGDC,26.833290100097656,29.97926139831543
ESP,1899,307380224.0,GGDC,18484.0,MADDISON,GGDC,GGDC,28.98798370361328,27.750154495239258
GBR,1899,1808999936.0,GBR BROADBERRY,40773.0,MADDISON,,,,
GBR,1900,1884999936.0,GBR BROADBERRY,41155.0,MADDISON,,,,
FRA,1900,1303054336.0,FRA TOUTAIN,40598.0,MADDISON,GGDC,GGDC,27.554107666015625,36.17448043823242
ESP,1900,314774464.0,GGDC,18566.0,MADDISON,GGDC,GGDC,28.567350387573242,28.937105178833008
DEU,1900,1713665920.0,DEU FREMDLING,54388.0,MADDISON,,,,
NLD,1900,121083800.0,GGDC,5142.0,MADDISON,GGDC,GGDC,18.818836212158203,36.68309020996094
SWE,1900,118689752.0,SWE EDVINSSON,5117.0,MADDISON,GGDC,GGDC,26.055925369262695,31.158733367919922
USA,1900,4269489408.0,USA MEASURING,76391.0,MADDISON,,,,
USA,1901,4613716992.0,USA MEASURING,77888.0,MADDISON,,,,
ESP,1901,307407808.0,GGDC,18659.0,MADDISON,GGDC,GGDC,31.784740447998047,27.78803062438965
NLD,1901,124010432.0,GGDC,5221.0,MADDISON,GGDC,GGDC,19.589658737182617,36.1808967590332
GBR,1901,1892999808.0,GBR BROADBERRY,41538.0,MADDISON,,,,
SWE,1901,115910656.0,SWE EDVINSSON,5156.0,MADDISON,GGDC,GGDC,27.016162872314453,30.737777709960938
FRA,1901,1226382208.0,FRA TOUTAIN,40640.0,MADDISON,GGDC,GGDC,23.96019172668457,38.75022506713867
DEU,1901,1646381696.0,DEU FREMDLING,55214.0,MADDISON,,,,
GBR,1902,1905999872.0,GBR BROADBERRY,41893.0,MADDISON,,,,
FRA,1902,1265954816.0,FRA TOUTAIN,40713.0,MADDISON,GGDC,GGDC,25.146249771118164,37.89644241333008
ESP,1902,305673568.0,GGDC,18788.0,MADDISON,GGDC,GGDC,29.985546112060547,27.12805938720703
SWE,1902,114712352.0,SWE EDVINSSON,5187.0,MADDISON,GGDC,GGDC,25.562671661376953,31.08603286743164
NLD,1902,126193856.0,GGDC,5305.0,MADDISON,GGDC,GGDC,19.900890350341797,36.01734924316406
DEU,1902,1648750080.0,DEU FREMDLING,56104.0,MADDISON,,,,
USA,1902,4987558400.0,USA MEASURING,79469.0,MADDISON,,,,
GBR,1903,1880999936.0,GBR BROADBERRY,42246.0,MADDISON,,,,
DEU,1903,1810147072.0,DEU FREMDLING,56963.0,MADDISON,,,,
SWE,1903,124560440.0,SWE EDVINSSON,5210.0,MADDISON,GGDC,GGDC,24.369098663330078,31.81290054321289
FRA,1903,1346150528.0,FRA TOUTAIN,40786.0,MADDISON,GGDC,GGDC,26.163801193237305,37.619903564453125
USA,1903,5382607872.0,USA MEASURING,80946.0,MADDISON,,,,
ESP,1903,327565024.0,GGDC,18919.0,MADDISON,GGDC,GGDC,30.664005279541016,27.745136260986328
NLD,1903,128985776.0,GGDC,5389.0,MADDISON,GGDC,GGDC,18.632822036743164,36.433250427246094
GBR,1904,1881000064.0,GBR BROADBERRY,42611.0,MADDISON,,,,
FRA,1904,1313249408.0,FRA TOUTAIN,40859.0,MADDISON,GGDC,GGDC,25.52273178100586,37.6664924621582
SWE,1904,127065296.0,SWE EDVINSSON,5241.0,MADDISON,GGDC,GGDC,23.91231346130371,32.14646530151367
DEU,1904,1917304832.0,DEU FREMDLING,57806.0,MADDISON,,,,
ESP,1904,340124672.0,GGDC,19050.0,MADDISON,GGDC,GGDC,30.5012264251709,28.392597198486328
USA,1904,5325611008.0,USA MEASURING,82485.0,MADDISON,,,,
NLD,1904,135937520.0,GGDC,5470.0,MADDISON,GGDC,GGDC,18.634061813354492,36.537376403808594
SWE,1905,130351080.0,SWE EDVINSSON,5278.0,MADDISON,GGDC,GGDC,21.6453857421875,33.31612777709961
DEU,1905,2053110400.0,DEU FREMDLING,58644.0,MADDISON,,,,
FRA,1905,1319632000.0,FRA TOUTAIN,40890.0,MADDISON,GGDC,GGDC,25.116439819335938,37.179100036621094
GBR,1905,1949000064.0,GBR BROADBERRY,42981.0,MADDISON,,,,
ESP,1905,342822720.0,GGDC,19133.0,MADDISON,GGDC,GGDC,30.750768661499023,26.98349380493164
NLD,1905,141445776.0,GGDC,5551.0,MADDISON,GGDC,GGDC,18.469070434570312,36.938140869140625
USA,1905,5975969280.0,USA MEASURING,84147.0,MADDISON,,,,
NLD,1906,150373280.0,GGDC,5632.0,MADDISON,GGDC,GGDC,17.938180923461914,36.534645080566406
GBR,1906,2032999808.0,GBR BROADBERRY,43361.0,MADDISON,,,,
FRA,1906,1414983936.0,FRA TOUTAIN,40942.0,MADDISON,GGDC,GGDC,24.532995223999023,38.5109748840332
DEU,1906,2151160320.0,DEU FREMDLING,59481.0,MADDISON,,,,
ESP,1906,403988896.0,GGDC,19316.0,MADDISON,GGDC,GGDC,30.24725914001465,27.61673927307129
SWE,1906,145246704.0,SWE EDVINSSON,5315.0,MADDISON,GGDC,GGDC,22.077978134155273,33.76420593261719
USA,1906,6458349568.0,USA MEASURING,85770.0,MADDISON,,,,
FRA,1907,1537630208.0,FRA TOUTAIN,40942.0,MADDISON,GGDC,GGDC,25.361377716064453,38.58335494995117
DEU,1907,2230085888.0,DEU FREMDLING,60341.0,MADDISON,,,,
GBR,1907,2112999936.0,GBR BROADBERRY,43737.0,MADDISON,,,,
NLD,1907,149747328.0,GGDC,5710.0,MADDISON,GGDC,GGDC,17.719087600708008,36.37656784057617
SWE,1907,156811952.0,SWE EDVINSSON,5357.0,MADDISON,GGDC,GGDC,22.991804122924805,31.561767578125
ESP,1907,427084544.0,GGDC,19450.0,MADDISON,GGDC,GGDC,31.658246994018555,28.949373245239258
USA,1907,7033832448.0,USA MEASURING,87339.0,MADDISON,,,,
ESP,1908,423420352.0,GGDC,19585.0,MADDISON,GGDC,GGDC,29.1871337890625,28.872684478759766
FRA,1908,1484828288.0,FRA TOUTAIN,41046.0,MADDISON,GGDC,GGDC,25.19255828857422,37.651668548583984
GBR,1908,2010999936.0,GBR BROADBERRY,44124.0,MADDISON,,,,
USA,1908,6251926528.0,USA MEASURING,89055.0,MADDISON,,,,
NLD,1908,147090128.0,GGDC,5786.0,MADDISON,GGDC,GGDC,17.827327728271484,36.66693115234375
SWE,1908,159674096.0,SWE EDVINSSON,5404.0,MADDISON,GGDC,GGDC,24.403303146362305,31.05875015258789
DEU,1908,2197250816.0,DEU FREMDLING,61187.0,MADDISON,,,,
DEU,1909,2306828032.0,DEU FREMDLING,62038.0,MADDISON,,,,
GBR,1909,2052000000.0,GBR BROADBERRY,44520.0,MADDISON,,,,
ESP,1909,447494848.0,GGDC,19721.0,MADDISON,GGDC,GGDC,31.4092960357666,27.37753677368164
USA,1909,6677208064.0,USA MEASURING,90845.0,MADDISON,,,,
SWE,1909,157799344.0,SWE EDVINSSON,5453.0,MADDISON,GGDC,GGDC,25.056913375854492,29.238510131835938
FRA,1909,1592811648.0,FRA TOUTAIN,41109.0,MADDISON,GGDC,GGDC,25.404661178588867,38.143150329589844
NLD,1909,155427920.0,GGDC,5862.0,MADDISON,GGDC,GGDC,18.507408142089844,36.21708297729492
USA,1910,6938177536.0,USA MEASURING,92767.0,MADDISON,,,,
NLD,1910,165360544.0,GGDC,5922.0,MADDISON,GGDC,GGDC,19.14530372619629,35.19136428833008
FRA,1910,1621830912.0,FRA TOUTAIN,41224.0,MADDISON,GGDC,GGDC,26.570432662963867,36.72541809082031
DEU,1910,2382404096.0,DEU FREMDLING,62884.0,MADDISON,,,,
ESP,1910,429088768.0,GGDC,19858.0,MADDISON,GGDC,GGDC,26.603586196899414,29.357074737548828
GBR,1910,2140000000.0,GBR BROADBERRY,44916.0,MADDISON,,,,
SWE,1910,169851744.0,SWE EDVINSSON,5499.0,MADDISON,GGDC,GGDC,24.22674560546875,31.41523551940918
NLD,1911,182100672.0,GGDC,5984.0,MADDISON,GGDC,GGDC,18.892406463623047,34.60580062866211
GBR,1911,2227000064.0,GBR BROADBERRY,45268.0,MADDISON,,,,
FRA,1911,1785073536.0,FRA TOUTAIN,41307.0,MADDISON,GGDC,GGDC,26.594526290893555,37.89006042480469
DEU,1911,2523981312.0,DEU FREMDLING,63852.0,MADDISON,,,,
ESP,1911,463520800.0,GGDC,19994.0,MADDISON,GGDC,GGDC,29.93259048461914,27.975555419921875
SWE,1911,173186800.0,SWE EDVINSSON,5542.0,MADDISON,GGDC,GGDC,22.6658935546875,33.31108856201172
USA,1911,7132647424.0,USA MEASURING,94234.0,MADDISON,,,,
GBR,1912,2327000064.0,GBR BROADBERRY,45426.0,MADDISON,,,,
USA,1912,7756597760.0,USA MEASURING,95703.0,MADDISON,,,,
FRA,1912,1955643392.0,FRA TOUTAIN,41359.0,MADDISON,GGDC,GGDC,26.797515869140625,38.672767639160156
ESP,1912,471213248.0,GGDC,20128.0,MADDISON,GGDC,GGDC,25.918235778808594,30.658126831054688
DEU,1912,2722288640.0,DEU FREMDLING,64457.0,MADDISON,,,,
SWE,1912,184476064.0,SWE EDVINSSON,5583.0,MADDISON,GGDC,GGDC,23.01947593688965,32.42140579223633
NLD,1912,191103504.0,GGDC,6068.0,MADDISON,GGDC,GGDC,17.272979736328125,35.8013916015625
SWE,1913,197852800.0,SWE EDVINSSON,5621.0,MADDISON,GGDC,GGDC,23.584247589111328,32.99216842651367
FRA,1913,1964097664.0,FRA TOUTAIN,41463.0,MADDISON,GGDC,GGDC,26.273033142089844,38.75704574584961
GBR,1913,2420000000.0,GBR BROADBERRY,45649.0,MADDISON,,,,
DEU,1913,2759210752.0,DEU FREMDLING,65058.0,MADDISON,,,,
USA,1913,8116791296.0,USA MEASURING,97606.0,MADDISON,,,,
NLD,1913,199187152.0,GGDC,6164.0,MADDISON,GGDC,GGDC,15.904641151428223,37.5250129699707
ESP,1913,505765376.0,GGDC,20263.0,MADDISON,GGDC,GGDC,27.826967239379883,29.19856834411621
